{"qp_ratio":[-0.63547169067474,
-0.607228504422529,
-0.578985318170319,
-0.550742131918108,
-0.522498945665897,
-0.494255759413687,
-0.466012573161476,
-0.437769386909265,
-0.409526200657055,
-0.381283014404844,
-0.353039828152633,
-0.324796641900423,
-0.296553455648212,
-0.268310269396001,
-0.240067083143791,
-0.21182389689158,
-0.183580710639369,
-0.155337524387159,
-0.127094338134948,
-0.0988511518827374,
-0.0706079656305267,
-0.042364779378316,
-0.0213059396864682,
0,
0.021800139675709,
0.0438473793460383,
0.0730789655767305,
0.102310551807423,
0.131542138038115,
0.160773724268807,
0.190005310499499,
0.219236896730192,
0.248468482960884,
0.277700069191576,
0.306931655422268,
0.336163241652961,
0.365394827883653,
0.394626414114345,
0.423858000345037,
0.453089586575729,
0.482321172806422,
0.511552759037114,
0.540784345267806,
0.570015931498498,
0.59924751772919,
0.628479103959883,
0.657710690190575,
0.686942276421267,
0.716173862651959,
0.745405448882652,
0.774637035113344,
0.803868621344036,
0.833100207574728,
0.86233179380542,
0.891563380036113,
0.920794966266805,
0.950026552497497,
0.979258138728189,
1.00848972495888,
1.03772131118957,
1.06695289742027,
1.09618448365096,
1.12541606988165,
1.15464765611234,
1.18387924234303,
1.21311082857373,
1.24234241480442,
1.27157400103511,
1.3008055872658,
1.3300371734965,
1.35926875972719,
1.38850034595788,
1.41773193218857,
1.44696351841926,
1.47619510464996,
1.50542669088065,
1.53465827711134,
1.56388986334203,
1.59312144957273,
1.62235303580342,
1.65158462203411,
1.6808162082648,
1.71004779449549,
1.73927938072619,
1.76851096695688,
1.79774255318757,
1.82697413941826,
1.85620572564896,
1.88543731187965,
1.91466889811034,
1.94390048434103,
1.97313207057172,
2.00236365680242,
2.03159524303311,
2.0608268292638,
2.09005841549449,
2.11929000172519,
2.14852158795588,
2.17775317418657,
2.20698476041726,
2.23621634664795,
2.26544793287865],
"proba":[0.000527600079140012,
0.000395700059355009,
0.000956275143441271,
0.000329750049462507,
0.00042867506430126,
0.00046165006924751,
0.000494625074193761,
0.000560575084086263,
0.000659500098925015,
0.00089032513354877,
0.000725450108817516,
0.00089032513354877,
0.000857350128602519,
0.00108817516322627,
0.00102222515333377,
0.00154982523247378,
0.00122007518301128,
0.00118710017806503,
0.00164875024731254,
0.00174767526215129,
0.00187957528193629,
0.00161577524236629,
0.000395700059355009,
0.0868561630284245,
0.0481435072215261,
0.0912418386862758,
0.0939128140869221,
0.0829651124447669,
0.078909186836378,
0.0715887357383104,
0.0558266833740025,
0.0478137571720636,
0.0368660555299083,
0.0345248301787245,
0.0290839543625932,
0.0237420035613005,
0.0232144034821605,
0.0181692277253842,
0.0149706522455978,
0.0125964518894678,
0.0122007518301128,
0.010650926597639,
0.00989250148387522,
0.00679285101892765,
0.00797995119699268,
0.00580360087054013,
0.00468245070236761,
0.00484732572709886,
0.00389105058365759,
0.00422080063312009,
0.00339642550946383,
0.00329750049462507,
0.00283585042537756,
0.00253907538086131,
0.00306667546000132,
0.0020114753017213,
0.00257205038580756,
0.00253907538086131,
0.00359427553914133,
0.00131900019785003,
0.00151685022752753,
0.00128602519290378,
0.00131900019785003,
0.00118710017806503,
0.00158280023742004,
0.000956275143441271,
0.00105520015828002,
0.000989250148387522,
0.00089032513354877,
0.000791400118710018,
0.000956275143441271,
0.000956275143441271,
0.000956275143441271,
0.000527600079140012,
0.000923300138495021,
0.00122007518301128,
0.00102222515333377,
0.000593550089032513,
0.00102222515333377,
0.000659500098925015,
0.000395700059355009,
0.000527600079140012,
0.000494625074193761,
0.000527600079140012,
0.000494625074193761,
0.000197850029677504,
0.000659500098925015,
0.000626525093978764,
0.000725450108817516,
0.000626525093978764,
0.000395700059355009,
0.000527600079140012,
0.000692475103871266,
0.000329750049462507,
0.00042867506430126,
0.000362725054408758,
0.000197850029677504,
0.000197850029677504,
0.000230825034623755,
0.000296775044516257,
0.00042867506430126,
0.000131900019785003]}
